path,bytes,sha256,kind,modified,attribution_hint,is_os_noise
"source-data/.DS_Store","6148","35ed2618a6e7e81cb7c7c9d226c2167bc4aa80827a1b33b4a6fc823940a2e6cc","other","2026-08-07T05:29:34.511Z","","true"
"source-data/brand/assets/.DS_Store","6148","67eb451f93712f967b69f2dd403c84b4e74eb64e21ca2c05d8ca341341cf879e","other","2026-08-07T05:17:14.822Z","","true"
"source-data/historical-campaigns/2020-07-the-big-bang/.DS_Store","14340","120ca5a4c20c622a6b29586a8cc471d9fecb0a5ed5230bb487dea9fb8c256b54","other","2026-08-07T05:15:15.593Z","","true"
"source-data/historical-campaigns/2020-07-the-big-bang/AdiBrill.jpg","1721459","af6c80ca347e706e596a669ab24e0e4a36ec651b0bf5513446399186aa4c112c","image","2020-08-06T10:39:42.000Z","","false"
"source-data/historical-campaigns/2020-07-the-big-bang/Photos/photo_2026-08-07 08.08.26.jpeg","75177","d6516e9287375dfdc8188547c865c28d9622950e19fd0e25871a48a869b31bc1","image","2026-08-07T05:08:26.459Z","","false"
"source-data/historical-campaigns/2020-07-the-big-bang/Photos/photo_2026-08-07 08.08.28 (1).jpeg","74756","6c58d55dbf08db32d7d03137709d14d4586b3cc7f90d5e559d4f3b5deace183d","image","2026-08-07T05:08:26.459Z","","false"
"source-data/historical-campaigns/2020-07-the-big-bang/Photos/photo_2026-08-07 08.08.28.jpeg","74756","6c58d55dbf08db32d7d03137709d14d4586b3cc7f90d5e559d4f3b5deace183d","image","2026-08-07T05:08:26.459Z","","false"
"source-data/historical-campaigns/2020-07-the-big-bang/Photos/photo_2026-08-07 08.08.45.jpeg","207287","929dcede714894e23219973812789db100d9843150aab9f6d5e1876b9aeb4582","image","2026-08-07T05:08:41.083Z","","false"
"source-data/historical-campaigns/2020-07-the-big-bang/Photos/photo_2026-08-07 08.08.46.jpeg","161436","e24b642ce372b75fc8ea8ed02f942f94bad2eb44e7ac622bcbbca5e92465c021","image","2026-08-07T05:08:41.468Z","","false"
"source-data/historical-campaigns/2020-07-the-big-bang/Photos/photo_2026-08-07 08.08.50.jpeg","103288","dce0a23b540f815d35460a9845d4bcdfea1707019e197e6e5600ec44f5315eb8","image","2026-08-07T05:08:47.418Z","","false"
"source-data/historical-campaigns/2020-07-the-big-bang/Photos/photo_2026-08-07 08.08.51.jpeg","165535","710554192bda4b06562b0e9116b06c3c114bac518be7998516367b0032f35dc8","image","2026-08-07T05:08:49.345Z","","false"
"source-data/historical-campaigns/2020-07-the-big-bang/Photos/photo_2026-08-07 08.08.52.jpeg","166160","9e2161d442fecd22ce1d5a681fbdae9b0dfd0ab4839a0d8138905db7a0d7098d","image","2026-08-07T05:08:50.781Z","","false"
"source-data/historical-campaigns/2020-07-the-big-bang/Photos/photo_2026-08-07 08.08.53.jpeg","185407","dab5386f824f9f0da92d11c95a94e39448e5067b467c0e301b8aea884209af7f","image","2026-08-07T05:08:52.060Z","","false"
"source-data/historical-campaigns/2020-07-the-big-bang/Photos/photo_2026-08-07 08.08.55.jpeg","173190","a8b49240a670a0832ab9cf9da5a68c18e4760167d688754a768218ec368223c5","image","2026-08-07T05:08:53.514Z","","false"
"source-data/historical-campaigns/2020-07-the-big-bang/Photos/photo_2026-08-07 08.09.09.jpeg","133540","d2a7b49287f9b8fd16dd949ebfa447fe75e53a3abefe59a81edae48ead14241a","image","2026-08-07T05:09:05.489Z","","false"
"source-data/historical-campaigns/2020-07-the-big-bang/Photos/photo_2026-08-07 08.09.11.jpeg","164576","91856f40eda9278ad8ef96611821571fd6e0fb7c157a622f6d5f79b3ce569b27","image","2026-08-07T05:09:06.924Z","","false"
"source-data/historical-campaigns/2020-07-the-big-bang/Photos/photo_2026-08-07 08.09.13.jpeg","164587","c1f906eaa7f0ce2c9220f2884db8c4a799fc82a8d241434d126191f8db1de843","image","2026-08-07T05:09:10.511Z","","false"
"source-data/historical-campaigns/2020-07-the-big-bang/Photos/photo_2026-08-07 08.09.16.jpeg","68305","a6a2458434fd9572a000165dbed20a369e1655b811d8a66cb1d9367035a93203","image","2026-08-07T05:09:14.309Z","","false"
"source-data/historical-campaigns/2020-07-the-big-bang/Photos/photo_2026-08-07 08.09.21.jpeg","249063","29d5347668ce3cc28af44c0098bd7116421c02d697895009e205b647297e30eb","image","2026-08-07T05:09:15.567Z","","false"
"source-data/historical-campaigns/2020-07-the-big-bang/Photos/photo_2026-08-07 08.09.23.jpeg","169319","10ddb195a294eb003a158b009c88979db4ccd7c35f861a4640f34f6b2c451a93","image","2026-08-07T05:09:23.943Z","","false"
"source-data/historical-campaigns/2020-07-the-big-bang/Photos/photo_2026-08-07 08.09.30.jpeg","162813","b9d6abecb2ea97df2106fa76284944df397aee0c6a7ebf2c080b3a8a8b6711e3","image","2026-08-07T05:09:25.041Z","","false"
"source-data/historical-campaigns/2020-07-the-big-bang/Photos/photo_2026-08-07 08.09.34.jpeg","195284","613aca3b614daf1ccc8e4864fb6573fab919c50a79832aa4fd4d6dbce935677d","image","2026-08-07T05:09:33.992Z","","false"
"source-data/historical-campaigns/2020-07-the-big-bang/Photos/photo_2026-08-07 08.09.43.jpeg","141053","b256f4986114b99f060d24e02eda2a168971dfdf4160331801bdb698aa972d47","image","2026-08-07T05:09:38.666Z","","false"
"source-data/historical-campaigns/2020-07-the-big-bang/Photos/photo_2026-08-07 08.09.48.jpeg","113263","ad82ebea9ce1d93833dfc5260650b61c51be48a1c7337086c4071cfbe76e49f0","image","2026-08-07T05:09:45.754Z","","false"
"source-data/historical-campaigns/2020-07-the-big-bang/Photos/photo_2026-08-07 08.09.51.jpeg","155762","23775fe44887a06a7af088763c4df6d24cd9f7aa1c9eb4fe729463fdf0524164","image","2026-08-07T05:09:46.395Z","","false"
"source-data/historical-campaigns/2020-07-the-big-bang/Photos/photo_2026-08-07 08.09.54.jpeg","227183","5ef0babd3fd38f598cbb3f72647149235d64358cbe0370222622ddb1e164d89b","image","2026-08-07T05:09:52.805Z","","false"
"source-data/historical-campaigns/2020-07-the-big-bang/Photos/photo_2026-08-07 08.09.56.jpeg","183484","106c308ddf4bb41feee7a7a42b357ca5ad85b07878a365190d9369db3bb24823","image","2026-08-07T05:09:55.057Z","","false"
"source-data/historical-campaigns/2020-07-the-big-bang/Photos/photo_2026-08-07 08.09.58.jpeg","89908","4345d54368d375fd072441db9908a9109a4268dc639e8efc1300dbb89f9d7c4e","image","2026-08-07T05:09:55.438Z","","false"
"source-data/historical-campaigns/2020-07-the-big-bang/Photos/photo_2026-08-07 08.10.01.jpeg","192303","e9e785f8423a6617211840ea09cde684c8c632ebf51be4d84cfce17bf0a72868","image","2026-08-07T05:09:57.235Z","","false"
"source-data/historical-campaigns/2020-07-the-big-bang/Photos/photo_2026-08-07 08.10.06.jpeg","152508","565e356208d03eda0d30b287bb1814a686a8353553b2bedeb9b3d48bba5e1218","image","2026-08-07T05:10:05.068Z","","false"
"source-data/historical-campaigns/2020-07-the-big-bang/Photos/photo_2026-08-07 08.10.10.jpeg","136567","46c18b94eb0c84d5c400ed5ef35222b150a1abc13a975c7754d2b70157ce26df","image","2026-08-07T05:10:05.436Z","","false"
"source-data/historical-campaigns/2020-07-the-big-bang/Photos/photo_2026-08-07 08.10.17.jpeg","156611","528d092ed62f6bb04163166d35e93e1f171bd75399aa666fdd5a90a4f7f813d1","image","2026-08-07T05:10:15.705Z","","false"
"source-data/historical-campaigns/2020-07-the-big-bang/Photos/photo_2026-08-07 08.10.18.jpeg","453765","d8055fd6751bbb258d1d71a909ca49b0325f6561e77b8d831ca6593341f77181","image","2026-08-07T05:10:16.478Z","","false"
"source-data/historical-campaigns/2020-07-the-big-bang/Photos/photo_2026-08-07 08.10.20.jpeg","383882","d358aec18fea908b08bcfdacca7560314da467de6fe332e30c3533de460c14be","image","2026-08-07T05:10:18.216Z","","false"
"source-data/historical-campaigns/2020-07-the-big-bang/Photos/photo_2026-08-07 08.10.22.jpeg","296908","dbd4ca131d24e9a6590be3d1f4b4dd88a0633e996f08649a6f7995370c74eef0","image","2026-08-07T05:10:19.861Z","","false"
"source-data/historical-campaigns/2020-07-the-big-bang/Photos/photo_2026-08-07 08.10.25.jpeg","162340","2f35b4ff94bdb6373cf7b88a9c490600985ab6965ddd7451ea1806fbc8c6bbad","image","2026-08-07T05:10:25.311Z","","false"
"source-data/historical-campaigns/2020-07-the-big-bang/Photos/photo_2026-08-07 08.10.28.jpeg","109783","72857d488a1d9acc2be87c5a534c6259b1c0253a18c3a12c01435102249ee08c","image","2026-08-07T05:10:26.588Z","","false"
"source-data/historical-campaigns/2020-07-the-big-bang/Photos/photo_2026-08-07 08.10.30.jpeg","182591","8756500348d3b4174ee597caf0b464899b641b017f59bad9e10a76a2f429b1b4","image","2026-08-07T05:10:26.762Z","","false"
"source-data/historical-campaigns/2020-07-the-big-bang/Photos/photo_2026-08-07 08.10.33.jpeg","146395","2cef20c692305f8e8fa634d183ac30e56738cb00bd291d79c745644d4f6bbf71","image","2026-08-07T05:10:27.054Z","","false"
"source-data/historical-campaigns/2020-07-the-big-bang/Photos/photo_2026-08-07 08.12.05.jpeg","222819","3a4c37f9368054e92b0ecfe8ae6e2e74110baed21b3a6ebfe07727e8d0095a1e","image","2026-08-07T05:12:05.199Z","","false"
"source-data/historical-campaigns/2020-07-the-big-bang/Photos/photo_2026-08-07 08.12.10.jpeg","175021","aa739641881b161d78738c4441dc063401e44e55a5609e0eb3bb3f42bea55cf5","image","2026-08-07T05:12:08.941Z","","false"
"source-data/historical-campaigns/2020-07-the-big-bang/Photos/photo_2026-08-07 08.12.16.jpeg","225910","5681ad16e679808aa36248e3bb96a57577365df77ea7062060ac664efc116c4b","image","2026-08-07T05:12:15.413Z","","false"
"source-data/historical-campaigns/2020-07-the-big-bang/Photos/photo_2026-08-07 08.12.34.jpeg","225779","0dba9548fa13f26133f22341c450888dc163f4b72e786bf4320aae2a7251f5a5","image","2026-08-07T05:12:29.483Z","","false"
"source-data/historical-campaigns/2020-07-the-big-bang/Photos/photo_2026-08-07 08.12.39.jpeg","199602","62b8f760e13cc082eda80c8dabd4d6810b5c8389b16cee59961e1fa7b16d1e14","image","2026-08-07T05:12:38.981Z","","false"
"source-data/historical-campaigns/2020-07-the-big-bang/Stars/.DS_Store","14340","55332bb93f1751430f3f1b9aa498a2f25a5a7bac5ebd3cba643b9e116329bb53","other","2020-08-06T10:40:26.000Z","","true"
"source-data/historical-campaigns/2020-07-the-big-bang/Stars/@DoctorWho00 - Marc Tavares.jpeg","1595346","248c635e62efbe1762a39fa2ada62527a16a278add707f23cb5ae918c99efb66","image","2020-08-03T04:58:36.000Z","Marc Tavares","false"
"source-data/historical-campaigns/2020-07-the-big-bang/Stars/@DoctorWho00- Marc Tavares.mp4","118483","fdf27dc25f8560506d2a4768739a575fb0ea3ab979666118ce262457da75d757","video","2020-08-03T04:56:54.000Z","","false"
"source-data/historical-campaigns/2020-07-the-big-bang/Stars/10BFC685-8027-4D96-95DB-341476D039B9 - Tristin Hightower.jpeg","137315","337a366027a39038a80ad77bba9fb69d8666ffa165cded8ba296c15182b43493","image","2020-08-06T00:01:20.000Z","Tristin Hightower","false"
"source-data/historical-campaigns/2020-07-the-big-bang/Stars/2020-07-31-frame-229.png","5524442","2fc142d5451816db0767b11aa00ea3864c1847a733a7c1c0ff0ce487e78a3cbd","image","2020-07-31T18:20:52.000Z","","false"
"source-data/historical-campaigns/2020-07-the-big-bang/Stars/2020-07-31-frame-503.png","4887650","58f4a5cebe6957803b3f2e4b5b8697172b0bd11ada2fc91c70bbcf16f70272f3","image","2020-07-31T21:33:56.000Z","","false"
"source-data/historical-campaigns/2020-07-the-big-bang/Stars/2020-07-31-frame-507.png","4884369","7beb91551b080d980db9b50d55b79ebbf6cb81cbd41198d331fe4a62e566b723","image","2020-07-31T21:36:36.000Z","","false"
"source-data/historical-campaigns/2020-07-the-big-bang/Stars/2020-07-31-frame-508.png","5655430","ff2fd325846ff66409d2b63d72903ca725cccc13caec600be528e2a052664d18","image","2020-07-31T21:37:16.000Z","","false"
"source-data/historical-campaigns/2020-07-the-big-bang/Stars/2020-07-31-frame-509.png","4882245","f0bf608c47ea093f3370705eefaf538b9a776fbf0979ee8bd23350e1e6e6c9d6","image","2020-07-31T21:37:56.000Z","","false"
"source-data/historical-campaigns/2020-07-the-big-bang/Stars/2020-08-01-frame-579.png","4736554","37fbc5797989181d82e77be8986f445644574d94c6c44233670f0059d29cf7e2","image","2020-08-01T06:27:36.000Z","","false"
"source-data/historical-campaigns/2020-07-the-big-bang/Stars/20200731_194454 - Syrinx RHD.jpg","580339","79f371ae8afc72653656c5fe110adcee5336fd13571d9c9ac6938e5376abba90","image","2020-08-06T00:01:28.000Z","Syrinx RHD","false"
"source-data/historical-campaigns/2020-07-the-big-bang/Stars/20200731_195252 - Adam Heath.jpg","4972835","98b651d276d8787fe95a206d1db8026e4cbbec882a6eed1326ad01852f64b228","image","2020-08-03T04:39:59.000Z","Adam Heath","false"
"source-data/historical-campaigns/2020-07-the-big-bang/Stars/441D234B-10BB-4BF3-9347-EB00BA8BABE8 - Gregor Erbach.png","2100357","e4217c785602fa455595336600203fea9807442030c58f5f5aec48a1336478d1","image","2020-08-06T00:03:42.000Z","Gregor Erbach","false"
"source-data/historical-campaigns/2020-07-the-big-bang/Stars/67A348DF-5604-4F93-82AA-DC97A95A7E5E - Kiwiwoe Knz.png","8666616","f4685a52ca5bbf977a1d44a79633bc8c53286fc708bae415c4418ecd1a9a722b","image","2020-08-06T00:03:30.000Z","Kiwiwoe Knz","false"
"source-data/historical-campaigns/2020-07-the-big-bang/Stars/938A17E5-71F1-4428-A439-E648756AED7C - Olalla Infantes.png","1787932","e3484320e5baae05f9804fa7b1b0b8afa8be1a606cf698f6d469774e1d68dfce","image","2020-08-05T23:51:19.000Z","Olalla Infantes","false"
"source-data/historical-campaigns/2020-07-the-big-bang/Stars/9DD8F52E-5567-449B-A6F9-3D2EDB2B277D - Sheng Du.png","707293","79a54a3994b56d954f0abb2d7dcba0fa9d46b2798f93c6e69ae100a6adcce35f","image","2020-08-06T00:00:29.000Z","Sheng Du","false"
"source-data/historical-campaigns/2020-07-the-big-bang/Stars/AItJ- Abraham Tapia Pacheco.png","553240","9c6c2f9b633cc4eaf283f76974f98395dd6516d386b729e31aef4d3aceea00a3","image","2020-08-03T04:42:38.000Z","","false"
"source-data/historical-campaigns/2020-07-the-big-bang/Stars/FF3424A4-596F-40C0-8D19-022793D38BB6 - Daniele C (1).jpeg","2563786","0921a16dc70e5ed6ee92e27156cdf17266d958a5fecb56f95742b875f24bf59e","image","2020-08-05T23:53:55.000Z","Daniele C","false"
"source-data/historical-campaigns/2020-07-the-big-bang/Stars/FF3424A4-596F-40C0-8D19-022793D38BB6 - Daniele C.jpeg","2563786","0921a16dc70e5ed6ee92e27156cdf17266d958a5fecb56f95742b875f24bf59e","image","2020-08-05T22:34:03.000Z","Daniele C","false"
"source-data/historical-campaigns/2020-07-the-big-bang/Stars/image_2020-07-31_20-56-47 - E. Yuji.png","1730997","527daf2dfe8ef0acb5646673a8c25b599773a9f16169eb4fb96d6dd6dc7c4075","image","2020-08-03T04:54:26.000Z","E. Yuji","false"
"source-data/historical-campaigns/2020-07-the-big-bang/Stars/IMG_20200731_195226 - Jeyakirushna Thavasuprabhatham.jpg","1285851","2bfd446d8607b40137fe9d9646dc6df4dbb9d73f8987ea62f760ff248ff7eacd","image","2020-08-05T23:57:35.000Z","Jeyakirushna Thavasuprabhatham","false"
"source-data/historical-campaigns/2020-07-the-big-bang/Stars/IMG_6863.JPG","170715","23d77560bf421cab41559c35fd058eb52e98b34e3abade4b3123ca90a792c42c","image","2020-08-06T10:39:45.000Z","","false"
"source-data/historical-campaigns/2020-07-the-big-bang/Stars/IMG_6867.JPG","427699","e62d3d0b7c6abf1f22cc0360d92451187b7732df8aa75056e776cb92e6ee7b37","image","2020-08-06T10:39:45.000Z","","false"
"source-data/historical-campaigns/2020-07-the-big-bang/Stars/IMG_6911.HEIC.jpg","3108632","c70c96ef04c340c387f455ce2de1d36c03f775f492512eb506262616d7abce39","image","2020-08-06T10:39:46.000Z","","false"
"source-data/historical-campaigns/2020-07-the-big-bang/Stars/IMG_6962.JPG","431710","65b6cc0866abbbc5a5492cd08fcde940428ab459458a5e4e24d6b5ba65c98931","image","2020-08-06T10:39:46.000Z","","false"
"source-data/historical-campaigns/2020-07-the-big-bang/Stars/IMG_6964.HEIC.jpg","1691385","b4708db4659694edee7e67b3f02c1ad70dc6996bddf1c111135fc5e693a52612","image","2020-08-06T10:39:47.000Z","","false"
"source-data/historical-campaigns/2020-07-the-big-bang/Stars/IMG_6976.HEIC.jpg","1952324","14c4cb8d1c1b88881d2a86e4d8eb2ab59f958e0a50b2a1f7924b6aaaf6439529","image","2020-08-06T10:39:48.000Z","","false"
"source-data/historical-campaigns/2020-07-the-big-bang/Stars/IMG_7002.JPG","1892037","a7d2ae4c3dcc7e7405542ff9252a0c6631cdcd07b670defab35afafb53dac06d","image","2020-08-06T10:39:48.000Z","","false"
"source-data/historical-campaigns/2020-07-the-big-bang/Stars/IMG_7003.JPG","349367","fd0f8094933afb33e26c1e49bd9b528831f87b5e861dbfaa6611f952a4c5d703","image","2020-08-06T10:39:48.000Z","","false"
"source-data/historical-campaigns/2020-07-the-big-bang/Stars/IMG_7004.HEIC.jpg","1323507","edd897b0855a4cecfae9acb0e61e183ca498f0cea038b1f7cae5c20375a8e8c3","image","2020-08-06T10:39:48.000Z","","false"
"source-data/historical-campaigns/2020-07-the-big-bang/Stars/IMG_7006.HEIC.jpg","1808856","9915bb1c16b4844649a498d99becb3f8854077b44182de96f9ef117900fc36c1","image","2020-08-06T10:39:49.000Z","","false"
"source-data/historical-campaigns/2020-07-the-big-bang/Stars/IMG_7008.HEIC.jpg","1296249","de29fa86b5dc75e92d7b9d5c73bac542b1d5f607dddc8488aa00113753185ac9","image","2020-08-06T10:39:50.000Z","","false"
"source-data/historical-campaigns/2020-07-the-big-bang/Stars/IMG_7009.JPG","405514","44a1d4f601b9ff41cde7d39f68cd823fcdfa8dc9871b8d61104048478838261d","image","2020-08-06T10:39:50.000Z","","false"
"source-data/historical-campaigns/2020-07-the-big-bang/Stars/IMG_7012.HEIC.jpg","2390561","e77dbe47fa5f50fbee2b7d605a0e5ad41c88bbd023bddb5fa35d85b1adef5a7c","image","2020-08-06T10:39:51.000Z","","false"
"source-data/historical-campaigns/2020-07-the-big-bang/Stars/IMG_7013.HEIC.jpg","2335080","6c4d6ee711b7382da57bc70fc9284134818c0cdc0a288faffc546af5bb2fbc04","image","2020-08-06T10:39:52.000Z","","false"
"source-data/historical-campaigns/2020-07-the-big-bang/Stars/IMG_7014.HEIC.jpg","2479962","cbfb40d38dafc27a0b0d375e8cfff151fe66b0f13601b49e783f3d20c77c89fe","image","2020-08-06T10:39:53.000Z","","false"
"source-data/historical-campaigns/2020-07-the-big-bang/Stars/IMG_7015.HEIC.jpg","280991","40a33fc489b051c4f7975d603a25376cea6596684c487ce4eee45393edaae6f1","image","2020-08-06T10:39:53.000Z","","false"
"source-data/historical-campaigns/2020-07-the-big-bang/Stars/IMG_7016.HEIC.jpg","1022938","432b30942366a79f9db9f9a60108dca660d40b0ba640e5bfbcba59c25928d89b","image","2020-08-06T10:39:54.000Z","","false"
"source-data/historical-campaigns/2020-07-the-big-bang/Stars/IMG_7017.HEIC.jpg","2383495","3a38d8625254260238b4e56fa3f18ef385306a87e838a9a4dec4602172d2b5cc","image","2020-08-06T10:39:55.000Z","","false"
"source-data/historical-campaigns/2020-07-the-big-bang/Stars/IMG_7018.HEIC.jpg","2054483","65c734df5ff4d2e91c716254928429ad3ba979a485174ebb3a38dca43c56f837","image","2020-08-06T10:39:55.000Z","","false"
"source-data/historical-campaigns/2020-07-the-big-bang/Stars/IMG_7019.HEIC.jpg","2208668","beef28c01769d3d249a88a36f1792cdd1e24c8b36dbb79776ec9b5058ad0c2ef","image","2020-08-06T10:39:56.000Z","","false"
"source-data/historical-campaigns/2020-07-the-big-bang/Stars/IMG_7020.HEIC.jpg","2272133","3a1200adfa448e68c3bafa7573a35e89885888f5a196abe2082444d83acce05e","image","2020-08-06T10:39:57.000Z","","false"
"source-data/historical-campaigns/2020-07-the-big-bang/Stars/IMG_7021.HEIC.jpg","2171666","4cecb6f0ada03afb34c98c86f8b08cbfb01fbc2e0dc5358f388bf7f7f038cc38","image","2020-08-06T10:39:58.000Z","","false"
"source-data/historical-campaigns/2020-07-the-big-bang/Stars/IMG_7026.HEIC.jpg","2004011","d44136600bff6500c4bf295141d2c6ac2f5aa050a0920473721dcc211a6ce305","image","2020-08-06T10:39:59.000Z","","false"
"source-data/historical-campaigns/2020-07-the-big-bang/Stars/IMG_7028.HEIC.jpg","1981818","617f496cca2f785cedc204b56fcc0cc9b8fcbb5666198f7dee5543a76c07b1de","image","2020-08-06T10:40:00.000Z","","false"
"source-data/historical-campaigns/2020-07-the-big-bang/Stars/IMG_7029.JPG","309139","e61cbfc15d03e2ed08bdade34e39ddcbce67518ebdfcc69b086cfd3e6296c92d","image","2020-08-06T10:40:00.000Z","","false"
"source-data/historical-campaigns/2020-07-the-big-bang/Stars/IMG_7030.JPG","405514","44a1d4f601b9ff41cde7d39f68cd823fcdfa8dc9871b8d61104048478838261d","image","2020-08-06T10:40:00.000Z","","false"
"source-data/historical-campaigns/2020-07-the-big-bang/Stars/IMG_7031.JPG","405514","44a1d4f601b9ff41cde7d39f68cd823fcdfa8dc9871b8d61104048478838261d","image","2020-08-06T10:40:00.000Z","","false"
"source-data/historical-campaigns/2020-07-the-big-bang/Stars/IMG_7033.JPG","288029","ea5efac1bc312d0ba0ec4aa435d5486299543180c86196e156afc8536b776d51","image","2020-08-06T10:40:00.000Z","","false"
"source-data/historical-campaigns/2020-07-the-big-bang/Stars/IMG_7034.JPG","291814","1cca3ca926a2f80fe82b42cc65096f86c8e5b15c58e739370dd4ae1980cb92b0","image","2020-08-06T10:40:00.000Z","","false"
"source-data/historical-campaigns/2020-07-the-big-bang/Stars/IMG_7035.JPG","288029","ea5efac1bc312d0ba0ec4aa435d5486299543180c86196e156afc8536b776d51","image","2020-08-06T10:40:00.000Z","","false"
"source-data/historical-campaigns/2020-07-the-big-bang/Stars/IMG_7059.HEIC.jpg","1643117","1152514243446ca105d9ed2a44bdc236b3fd5cfa62fe193641e276022880a52d","image","2020-08-06T10:40:01.000Z","","false"
"source-data/historical-campaigns/2020-07-the-big-bang/Stars/IMG_7060.HEIC.jpg","1512727","bea3ff7c7a2c29050bca6ae9111e3d37557732402f2610f61c3b2b3eb4c92afc","image","2020-08-06T10:40:02.000Z","","false"
"source-data/historical-campaigns/2020-07-the-big-bang/Stars/IMG_7061.HEIC.jpg","1349128","551f87ba5431a043461ceda25418ace29054925249ca26d33d626b44230194bf","image","2020-08-06T10:40:03.000Z","","false"
"source-data/historical-campaigns/2020-07-the-big-bang/Stars/IMG_7078.HEIC.jpg","856549","b19431514d338072fd67c66456f58ea2d7e6f44b4da2dc24bb0632a5cf753895","image","2020-08-06T10:40:03.000Z","","false"
"source-data/historical-campaigns/2020-07-the-big-bang/Stars/IMG_7079.HEIC.jpg","1715742","fd829a6739972b88e5b639d8a93acc0301607dd33bb0010455b0a4b7925fe3b1","image","2020-08-06T10:40:04.000Z","","false"
"source-data/historical-campaigns/2020-07-the-big-bang/Stars/IMG_7080.HEIC.jpg","1893592","c597120c8416aface32bde653e8969a66c55bf7b6523cd6e49a29337b54e91be","image","2020-08-06T10:40:05.000Z","","false"
"source-data/historical-campaigns/2020-07-the-big-bang/Stars/IMG_7081.HEIC.jpg","1943605","b0c126c963e7eb0d49daf47d6183447b17dd875446bc2656176d24b59502000a","image","2020-08-06T10:40:05.000Z","","false"
"source-data/historical-campaigns/2020-07-the-big-bang/Stars/IMG_7082.HEIC.jpg","2069716","1feb176c918d4762228267956abf2778759263d916c2cab4e0f1719c4a0b3e95","image","2020-08-06T10:40:06.000Z","","false"
"source-data/historical-campaigns/2020-07-the-big-bang/Stars/IMG_7083.HEIC.jpg","2107989","1a37cf030d9ccecfbf2091e50989e39c3d4dfaeaa0b0264effff26520389e96e","image","2020-08-06T10:40:07.000Z","","false"
"source-data/historical-campaigns/2020-07-the-big-bang/Stars/IMG_7084.HEIC.jpg","2149754","109b90c73fce6e7af77d210be482cec1315544d84d8d6a6091473409a0dcfb61","image","2020-08-06T10:40:08.000Z","","false"
"source-data/historical-campaigns/2020-07-the-big-bang/Stars/IMG_7085.HEIC.jpg","2118623","dd96d7e32061000703fa798c122e05ebdab72a59afb2f5111296f3aa4cdc2ca3","image","2020-08-06T10:40:09.000Z","","false"
"source-data/historical-campaigns/2020-07-the-big-bang/Stars/IMG_7086.HEIC.jpg","2140326","7c2b5c60a25dae2dc6e3690d04ec35a0fda3527c7d48745c28b0429885dcdc01","image","2020-08-06T10:40:10.000Z","","false"
"source-data/historical-campaigns/2020-07-the-big-bang/Stars/IMG_7087.HEIC.jpg","2408269","11728d3a3feeab60ef791a7f430fe1886ce09f1030e12523d6f6a67c32a6e03e","image","2020-08-06T10:40:11.000Z","","false"
"source-data/historical-campaigns/2020-07-the-big-bang/Stars/IMG_7090.HEIC.jpg","2536323","01e0fdb830f62978c3cef755c4d23f883ffd8afb9a94a0f9f4f0844e179b8126","image","2020-08-06T10:40:12.000Z","","false"
"source-data/historical-campaigns/2020-07-the-big-bang/Stars/IMG_7091.HEIC.jpg","2257095","9435190a562641d0a1cf2c3aa198107f71d29456e1c03eb345d5899154cb1109","image","2020-08-06T10:40:13.000Z","","false"
"source-data/historical-campaigns/2020-07-the-big-bang/Stars/IMG_7094.HEIC.jpg","2603210","5bb82b89c1af4c1f2c74aa9a6d77a245d3e02d0dc8674ea3ae210c66b4a75a0f","image","2020-08-06T10:40:14.000Z","","false"
"source-data/historical-campaigns/2020-07-the-big-bang/Stars/IMG_7096.HEIC.jpg","2293631","55685afa735870c0ae99bbb0e092591265cbe30c6b2365f81779c3e29dd8eb80","image","2020-08-06T10:40:15.000Z","","false"
"source-data/historical-campaigns/2020-07-the-big-bang/Stars/IMG_7097.HEIC.jpg","2173758","da8f900d0213502b13f388b8740b798c762aa2d3d24768559e30c58c339219a0","image","2020-08-06T10:40:16.000Z","","false"
"source-data/historical-campaigns/2020-07-the-big-bang/Stars/IMG_7098.HEIC.jpg","2002373","2467f3eb701d853329814704186c106ae3990e4f989cd2a13af2cc763c0e47af","image","2020-08-06T10:40:17.000Z","","false"
"source-data/historical-campaigns/2020-07-the-big-bang/Stars/IMG_7099.HEIC.jpg","2017144","5d7d5effed021ff583742ef6c2297435d27018cdef56b2c8828631bca79ac0e2","image","2020-08-06T10:40:17.000Z","","false"
"source-data/historical-campaigns/2020-07-the-big-bang/Stars/IMG_7100.HEIC.jpg","2537088","db56601ac8469216aa3dba8d5e0e185ad396dfd9bd07fb2ae8c6540860e02a88","image","2020-08-06T10:40:18.000Z","","false"
"source-data/historical-campaigns/2020-07-the-big-bang/Stars/IMG_7101.HEIC.jpg","2415575","4364aef48b5280087d4db109d6fc00634a5cefb437b6e89b1eb538cf66bd8500","image","2020-08-06T10:40:19.000Z","","false"
"source-data/historical-campaigns/2020-07-the-big-bang/Stars/IMG_7102.HEIC.jpg","2785385","cb6176570e9c05f1ca0ea02028eb9039aaecde819697be757c732efd895fb9d5","image","2020-08-06T10:40:20.000Z","","false"
"source-data/historical-campaigns/2020-07-the-big-bang/Stars/IMG_7103.HEIC.jpg","3183913","affb9d0281e0803a7bad935c0ec20b367da474f5655024ad353bf475eecc9100","image","2020-08-06T10:40:21.000Z","","false"
"source-data/historical-campaigns/2020-07-the-big-bang/Stars/IMG_7104.HEIC.jpg","3324225","485859397544a2f9b0a6cc7ec41ffd43fd53237e34ed8d53c460567511663b77","image","2020-08-06T10:40:22.000Z","","false"
"source-data/historical-campaigns/2020-07-the-big-bang/Stars/IMG_7105.HEIC.jpg","2091028","4f9438ae33be796cceb7ec4449327378c68a723a5abc966b5903153603cf0e8b","image","2020-08-06T10:40:23.000Z","","false"
"source-data/historical-campaigns/2020-07-the-big-bang/Stars/IMG_7106.HEIC.jpg","2450210","5f646445bef9cedfc473582f74295948663163a9f1eaed6049a23f7ed1873be2","image","2020-08-06T10:40:24.000Z","","false"
"source-data/historical-campaigns/2020-07-the-big-bang/Stars/IMG_7107.HEIC.jpg","2449521","34a1ce9b777fbdbf3ca36db8779baaca00ed67bc6bef1e85e570112fabaa0278","image","2020-08-06T10:40:25.000Z","","false"
"source-data/historical-campaigns/2020-07-the-big-bang/Stars/IMG_7108.HEIC.jpg","2022580","190e7a361ca294b81ad4a7dddbef7000c042545be2f422ccd52c5ce93348875f","image","2020-08-06T10:40:26.000Z","","false"
"source-data/historical-campaigns/2020-07-the-big-bang/Stars/IMG_7109.HEIC.jpg","6084804","f1f18503976cd7eb14ff019d87ce6eaff68dedea9fb0b428d3b3afc2da6319e7","image","2020-08-06T10:40:28.000Z","","false"
"source-data/historical-campaigns/2020-07-the-big-bang/Stars/IMG_7110.HEIC.jpg","2458212","6b74f1054ac94d219367abeacf8f707b6763d8e4fdbec929e9a2c05edf425464","image","2020-08-06T10:40:28.000Z","","false"
"source-data/historical-campaigns/2020-07-the-big-bang/Stars/IMG_7111.HEIC.jpg","2328498","957593e42dc39fd31fcd2a4638ab0e68c67666e6d69e1a90cd1c45baa43c4c13","image","2020-08-06T10:40:29.000Z","","false"
"source-data/historical-campaigns/2020-07-the-big-bang/Stars/IMG_7113.HEIC.jpg","1671967","a3585139bc0b94add89dfd9a7b977d9d722b5a7ff479801dcce944b310890c56","image","2020-08-06T10:40:30.000Z","","false"
"source-data/historical-campaigns/2020-07-the-big-bang/Stars/IMG_7114.HEIC.jpg","1539561","7ea6a047646682f78c40ba8fc870a27a5ce83f84afc1fb280ab25708f1df9e9a","image","2020-08-06T10:40:31.000Z","","false"
"source-data/historical-campaigns/2020-07-the-big-bang/Stars/IMG_7115.HEIC.jpg","2233863","b0c43f0ac120de601d9ef168e7cc8bdf19d881e449e531796a601d4dd0db68a5","image","2020-08-06T10:40:32.000Z","","false"
"source-data/historical-campaigns/2020-07-the-big-bang/Stars/IMG_7116.HEIC.jpg","1412514","622a6a844c4272a873c2820b77de63eaa9b483a8b5346390dcf5951148d79acf","image","2020-08-06T10:40:32.000Z","","false"
"source-data/historical-campaigns/2020-07-the-big-bang/Stars/IMG_7117.HEIC.jpg","1791939","482feec04fb6e5bf586db82d75b11a55645b8a6c652158930c678e1881fc4dab","image","2020-08-06T10:40:33.000Z","","false"
"source-data/historical-campaigns/2020-07-the-big-bang/Stars/IMG_7118.HEIC.jpg","1826374","9a8b074c4f124ae00bb1f0bfe79c27ef8d482e841b440bb05732e39491ee8b89","image","2020-08-06T10:40:34.000Z","","false"
"source-data/historical-campaigns/2020-07-the-big-bang/Stars/IMG_7120.HEIC.jpg","2195274","7a1b434b123e16638fd2d99f8236d7b9d8d63e29729ffd34e270699b67395483","image","2020-08-06T10:40:35.000Z","","false"
"source-data/historical-campaigns/2020-07-the-big-bang/Stars/IMG_7121.HEIC.jpg","2293906","ca501b840a1d689d48303719d362ead7dfbb6a9f8a13f37ed252beda6544738a","image","2020-08-06T10:40:36.000Z","","false"
"source-data/historical-campaigns/2020-07-the-big-bang/Stars/IMG_7122.HEIC.jpg","2041264","d8c2c4cf995a015458c50cbd3f3e8a5efc733048d3e6834028b338a0977fd313","image","2020-08-06T10:40:36.000Z","","false"
"source-data/historical-campaigns/2020-07-the-big-bang/Stars/IMG_7123.HEIC.jpg","782744","4f197da62fb7c67c58ba286086cc226f1cb22bbb53448fa88cdd2ff04388646f","image","2020-08-06T10:40:37.000Z","","false"
"source-data/historical-campaigns/2020-07-the-big-bang/Stars/IMG_7125.JPG","173298","d451e559ee8a8d003f888aa5b5481abad50b8d5c910589e554136192c7e36e28","image","2020-08-06T10:40:37.000Z","","false"
"source-data/historical-campaigns/2020-07-the-big-bang/Stars/IMG_7126.JPG","104847","f4df39ed1340ae2f51eb4907fc452cdecada543f738f45e1372c6ec2ff3753b1","image","2020-08-06T10:40:37.000Z","","false"
"source-data/historical-campaigns/2020-07-the-big-bang/Stars/IMG_7128.JPG","205708","6fa835f4209266dd9dfeea60aeea004cd49a808ab799d68fd8a768b38e4bd122","image","2020-08-06T10:40:37.000Z","","false"
"source-data/historical-campaigns/2020-07-the-big-bang/Stars/IMG_7129.JPG","137901","dc98d9485208eb522c2881ec6e1918f78163d56cb89c2c3066d60e5bd6531d51","image","2020-08-06T10:40:37.000Z","","false"
"source-data/historical-campaigns/2020-07-the-big-bang/Stars/IMG_7132.JPG","314434","df060875fe21c6cdec5003e7dc79873f588ddac40d51675b6a4116b8259cd2a4","image","2020-08-06T10:40:38.000Z","","false"
"source-data/historical-campaigns/2020-07-the-big-bang/Stars/IMG_7133.JPG","431710","65b6cc0866abbbc5a5492cd08fcde940428ab459458a5e4e24d6b5ba65c98931","image","2020-08-06T10:40:38.000Z","","false"
"source-data/historical-campaigns/2020-07-the-big-bang/Stars/IMG_7134.JPG","529059","9229ad942e06a372732e87b107ff5390d4b910178309a2c8d1a67a2787ec9431","image","2020-08-06T13:43:03.000Z","","false"
"source-data/historical-campaigns/2020-07-the-big-bang/Stars/IMG_7135.JPG","378648","30d243dc92b66ded3ee30df9f0d52fffb262769436eb65d8d5dbe0f5821f6b26","image","2020-08-06T10:40:38.000Z","","false"
"source-data/historical-campaigns/2020-07-the-big-bang/Stars/IMG_7136.JPG","150733","88fd7a939571d31fc4148e2a734b6c8016febc1913644b28ff5a740d68eabded","image","2020-08-06T10:40:38.000Z","","false"
"source-data/historical-campaigns/2020-07-the-big-bang/Stars/IMG_7137.JPG","154774","2ef1ac886976c6cd2c91ca6497e6bb672245f3c5158c012ab99017ada75d6cd7","image","2020-08-06T10:40:38.000Z","","false"
"source-data/historical-campaigns/2020-07-the-big-bang/Stars/IMG_7139.JPG","121688","9980012c3b007785b87f714d1b93c0c721a6a6938f2db203d7960fa2a05b7962","image","2020-08-06T10:40:38.000Z","","false"
"source-data/historical-campaigns/2020-07-the-big-bang/Stars/IMG_7140.JPG","237958","9062f7e7e039e731372b1ab98608860546c743932df173a1ef73b8f1d520630a","image","2020-08-06T10:40:38.000Z","","false"
"source-data/historical-campaigns/2020-07-the-big-bang/Stars/IMG_7141.JPG","194016","81c1d553a55d16f884d79a3d013f5bd38b36e4178ee000549d23aa202534c242","image","2020-08-06T10:40:38.000Z","","false"
"source-data/historical-campaigns/2020-07-the-big-bang/Stars/IMG_7142.JPG","202838","04fe9f2e882409072034bc9a7e5459b68f80e1b894868ff520e9dab72d5323c4","image","2020-08-06T10:40:39.000Z","","false"
"source-data/historical-campaigns/2020-07-the-big-bang/Stars/IMG_7143.JPG","175959","738b61f895d09700d77ee4be2a03ee590bac31f081e9923dd20fdeb4a23bf71b","image","2020-08-06T10:40:39.000Z","","false"
"source-data/historical-campaigns/2020-07-the-big-bang/Stars/IMG_7144.JPG","138988","48ed5806f28ef403aebe9b15e08d58301bab9535f5a77d9fdd53a256be20d856","image","2020-08-06T10:40:39.000Z","","false"
"source-data/historical-campaigns/2020-07-the-big-bang/Stars/IMG_7146.JPG","149350","67741930ea0dc404c6d0d590d3d7a71a025e12e435f2a3b23c51bc765591b721","image","2020-08-06T10:40:39.000Z","","false"
"source-data/historical-campaigns/2020-07-the-big-bang/Stars/IMG_7147.JPG","227569","78ead60a09b55d1996012ff88ca13b5770cb8fbe0d11dbd49cb4d455320a1bb8","image","2020-08-06T10:40:39.000Z","","false"
"source-data/historical-campaigns/2020-07-the-big-bang/Stars/IMG_7148.JPG","199540","cdd8a2529e35867f8f0e8de5b48de3493c0940b8504845fea313220ab53d9c80","image","2020-08-06T10:40:39.000Z","","false"
"source-data/historical-campaigns/2020-07-the-big-bang/Stars/IMG_7150.JPG","192461","2281a18e5ab93f62cdbed49c407f9b6e078fad8bbaab8196acc5bca83238941d","image","2020-08-06T10:40:39.000Z","","false"
"source-data/historical-campaigns/2020-07-the-big-bang/Stars/IMG_7151.JPG","155792","61398811bacd8a51e7373a018f5ab6ee895e75b3c78040722d21fb65e60cef4d","image","2020-08-06T10:40:39.000Z","","false"
"source-data/historical-campaigns/2020-07-the-big-bang/Stars/IMG_7153.JPG","271660","2d341237be0d8c1bc062dc2eb723b86bdda50ce7cced210c5386f232e2b9f840","image","2020-08-06T10:40:40.000Z","","false"
"source-data/historical-campaigns/2020-07-the-big-bang/Stars/IMG_7154.JPG","177254","77f8a0981f88f5920be4a7d00fc4d29bf21c4615be7e89f08d81ce8012e697e4","image","2020-08-06T10:40:40.000Z","","false"
"source-data/historical-campaigns/2020-07-the-big-bang/Stars/IMG_7155.JPG","279436","c8487fbf1845c52496eb94f1ca9ac4043a7b05bef53742da49a6774e9040ca9a","image","2020-08-06T10:40:40.000Z","","false"
"source-data/historical-campaigns/2020-07-the-big-bang/Stars/IMG_7156.JPG","212994","cf4397c783d8d95d54c5fe0a1c8719311de50f4252f83523f5d5f2b3c8576525","image","2020-08-06T10:40:40.000Z","","false"
"source-data/historical-campaigns/2020-07-the-big-bang/Stars/IMG_7158.JPG","146852","423b284fab213cf9a480c764bb2c74dc4abf688b039480d844040a65c36fd437","image","2020-08-06T10:40:40.000Z","","false"
"source-data/historical-campaigns/2020-07-the-big-bang/Stars/IMG_7159.JPG","133645","c7159366a4c6c61bf82ba4c860a962318e8d5907acb48a8a9148279c6cd14268","image","2020-08-06T10:40:40.000Z","","false"
"source-data/historical-campaigns/2020-07-the-big-bang/Stars/IMG_7160.JPG","183216","8a8b49c1b1e5d570205a3b90617a927f1260a3e9d4066b214b4f55b800e14ac7","image","2020-08-06T10:40:40.000Z","","false"
"source-data/historical-campaigns/2020-07-the-big-bang/Stars/IMG_7163.JPG","143598","80fa87c7da5c1b4e6288af7982b23c5ed404f9c57c95107fc76b70fb96dfab5f","image","2020-08-06T10:40:40.000Z","","false"
"source-data/historical-campaigns/2020-07-the-big-bang/Stars/IMG_7164.JPG","99777","32424ce89ec4c2d2654e094166886d1b9e794509c9534188b16ed4f7c11b7066","image","2020-08-06T10:40:41.000Z","","false"
"source-data/historical-campaigns/2020-07-the-big-bang/Stars/IMG_7165.JPG","346865","27278e6450b6527d3864a195d9e96305b7190efd5b8677462d495c394bbf8517","image","2020-08-06T10:40:41.000Z","","false"
"source-data/historical-campaigns/2020-07-the-big-bang/Stars/IMG_7167.JPG","164112","813077d896c7edbb77ae173f057177b65416732d5e2ab29e095369e9d030386c","image","2020-08-06T10:40:41.000Z","","false"
"source-data/historical-campaigns/2020-07-the-big-bang/Stars/IMG_7168.JPG","173351","ecdf5e8b997292a5e596523caf6d5966e89a8893bac2f3ee437d3a2b38428d18","image","2020-08-06T10:40:41.000Z","","false"
"source-data/historical-campaigns/2020-07-the-big-bang/Stars/IMG_7169.JPG","175190","2f4e61d7086dba92df8836fe10dae956a98b66fab3e96a931c01225d01785360","image","2020-08-06T10:40:41.000Z","","false"
"source-data/historical-campaigns/2020-07-the-big-bang/Stars/IMG_7170.JPG","266649","f2cd9774f63ba6eb6b33720a809c0028e4535cf2a23e7638b10a16f48422e459","image","2020-08-06T10:40:41.000Z","","false"
"source-data/historical-campaigns/2020-07-the-big-bang/Stars/IMG_7171.JPG","205003","a73bd458d9aaa8169ca3794a3147aecb6000213b8b9a3c04dff724f84c6ef77f","image","2020-08-06T10:40:41.000Z","","false"
"source-data/historical-campaigns/2020-07-the-big-bang/Stars/IMG_7172.JPG","227748","25ee8403a94f2b5061483714d0c040bd8f95f0ebeab5bf3dd719a0616e6f75a4","image","2020-08-06T10:40:41.000Z","","false"
"source-data/historical-campaigns/2020-07-the-big-bang/Stars/IMG_7173.JPG","120992","7562346d6d14a011573e64aae89dcf582993d855ee1344e8ee4f09c6cded2d43","image","2020-08-06T10:40:41.000Z","","false"
"source-data/historical-campaigns/2020-07-the-big-bang/Stars/IMG_7174.JPG","110671","c1fc45e5055ccb323e9189faf1606297939161b9fc2d413d17bb9b3a893c6d5d","image","2020-08-06T10:40:42.000Z","","false"
"source-data/historical-campaigns/2020-07-the-big-bang/Stars/IMG_7175.JPG","109178","d5a9d472586da30dcf2623148f22bb3f6bd19ba345d8b061359ab064a46c8670","image","2020-08-06T10:40:42.000Z","","false"
"source-data/historical-campaigns/2020-07-the-big-bang/Stars/IMG_7176.JPG","168687","88f8ffc881982fec08222d604ccf8b5ca70ded6eb323363d77969858f2639602","image","2020-08-06T10:40:42.000Z","","false"
"source-data/historical-campaigns/2020-07-the-big-bang/Stars/IMG_7177.JPG","209600","8e4dd31361efc72a5089f15102eb3747c17e1867bb3f432574cb9d1e4bd06c80","image","2020-08-06T10:40:42.000Z","","false"
"source-data/historical-campaigns/2020-07-the-big-bang/Stars/IMG_7178.JPG","90833","e4e9e21957b71490be4148f0c761437ff4deb0fd85a14409fea0d50ad50f8a26","image","2020-08-06T10:40:42.000Z","","false"
"source-data/historical-campaigns/2020-07-the-big-bang/Stars/IMG_7179.JPG","138739","d9d2558f07a58606fc79c102f792e344fa1b938aa507b713671770ab490e90b5","image","2020-08-06T10:40:42.000Z","","false"
"source-data/historical-campaigns/2020-07-the-big-bang/Stars/IMG_7180.JPG","101937","d758a1c55c3426819401af9954e7f7e41e673461d35715f329f1b1626a19b99d","image","2020-08-06T10:40:42.000Z","","false"
"source-data/historical-campaigns/2020-07-the-big-bang/Stars/IMG_7181.JPG","178434","8733ea92bf68f0481a7bba853dd0732f68c79c10e7d4aab4c2cbff2984758c31","image","2020-08-06T10:40:43.000Z","","false"
"source-data/historical-campaigns/2020-07-the-big-bang/Stars/IMG_7182.JPG","177325","8009825e938894b9791ea8df10e6633661b929a6e5b2caa4b46ddb5864f4298c","image","2020-08-06T10:40:43.000Z","","false"
"source-data/historical-campaigns/2020-07-the-big-bang/Stars/IMG_7183.JPG","152031","b15d5751e8d20a476b0baaf4f53b180c16105a38b0b2f4deb30e9a08125c34b1","image","2020-08-06T10:40:43.000Z","","false"
"source-data/historical-campaigns/2020-07-the-big-bang/Stars/IMG_7184.JPG","171158","249dbd7c42c594e9667bf7f4a192393151b16f8cff0638988453901462772318","image","2020-08-06T10:40:43.000Z","","false"
"source-data/historical-campaigns/2020-07-the-big-bang/Stars/IMG_7185.JPG","187177","ce6abd4033e784e277fc13a538ce9184ccc8a76eb118f4b51c363f48d3da7bd7","image","2020-08-06T10:40:43.000Z","","false"
"source-data/historical-campaigns/2020-07-the-big-bang/Stars/IMG_7186.JPG","145430","b5042d11a7871d644b6c6be7084e695f242147374efe81f579de162ab2645c09","image","2020-08-06T10:40:43.000Z","","false"
"source-data/historical-campaigns/2020-07-the-big-bang/Stars/IMG_7187.JPG","193882","e774635e9340a61c8b9e859d2da186269626b2a82411c1916dcff36bae7182e1","image","2020-08-06T10:40:43.000Z","","false"
"source-data/historical-campaigns/2020-07-the-big-bang/Stars/IMG_7188.JPG","199611","c037c2e98b9d51f87ce4a65801a32a28a54233c9abb1ef2008984617f8788231","image","2020-08-06T10:40:43.000Z","","false"
"source-data/historical-campaigns/2020-07-the-big-bang/Stars/IMG_7189.JPG","147311","643e38cf1665fc208cd9d17885e035389dd866134e4b07fc7354faf6307b0de0","image","2020-08-06T10:40:44.000Z","","false"
"source-data/historical-campaigns/2020-07-the-big-bang/Stars/IMG_7190.JPG","137852","d135a5018378f5eeda419009310b760c261dd443b4a868e709a5b42581de01c4","image","2020-08-06T10:40:44.000Z","","false"
"source-data/historical-campaigns/2020-07-the-big-bang/Stars/IMG_7191.JPG","228885","a8fbd9f0d8edcb439d816dcd9a4d53d7942723742e5d24d283c497274e715f50","image","2020-08-06T10:40:44.000Z","","false"
"source-data/historical-campaigns/2020-07-the-big-bang/Stars/IMG_7192.JPG","256297","5c71b2a395d41e3eda3c44bd73a1fc6b58ee35153a725f677a6bfacdb9f7f8df","image","2020-08-06T10:40:44.000Z","","false"
"source-data/historical-campaigns/2020-07-the-big-bang/Stars/IMG_7193.JPG","152341","0bed77ccc3f79984d31d984472971deea6fd9dc59c8b6340529aa27556481a3f","image","2020-08-06T10:40:44.000Z","","false"
"source-data/historical-campaigns/2020-07-the-big-bang/Stars/IMG_7194.JPG","146884","bef2005f75e13cab8693dd99fafae7939de2a4574a1ed19c553fc0f86495121b","image","2020-08-06T10:40:44.000Z","","false"
"source-data/historical-campaigns/2020-07-the-big-bang/Stars/IMG_7195.JPG","133333","efa44f2cc9634d1a0c9ab0c69c509a63d71d9431ccf0a2b7cad465f06278a0ec","image","2020-08-06T10:40:44.000Z","","false"
"source-data/historical-campaigns/2020-07-the-big-bang/Stars/IMG_7196.JPG","150209","505a54d463042fba58c74ce1f111c4b9c89dfaafad8b23ffe7c2a579fad42b15","image","2020-08-06T10:40:44.000Z","","false"
"source-data/historical-campaigns/2020-07-the-big-bang/Stars/IMG_7197.JPG","204068","2aaa63c629e3b852de206913a1f502e2c5fccc16ac6ada53466ab7d26c460c15","image","2020-08-06T10:40:44.000Z","","false"
"source-data/historical-campaigns/2020-07-the-big-bang/Stars/IMG_7198.JPG","176031","57a413de011d811865479e4b59eb21aad76f6ae22444b4251b5685e264de1e3b","image","2020-08-06T10:40:45.000Z","","false"
"source-data/historical-campaigns/2020-07-the-big-bang/Stars/IMG_7199.JPG","242048","0887a9566a5b5dfd68436916608e6fd954c4d72ed9b80e5b923d35d33a41f718","image","2020-08-06T10:40:45.000Z","","false"
"source-data/historical-campaigns/2020-07-the-big-bang/Stars/IMG_7200.JPG","172092","70787521a8a2473d0d7e6d32c76e539bbd9108700ca4bbf45d9b7efe70ce1b17","image","2020-08-06T10:40:45.000Z","","false"
"source-data/historical-campaigns/2020-07-the-big-bang/Stars/IMG_7201.JPG","245923","d4ab076b09816885e5ee455decd3d9c42c958d402d0a4d1af9843b69612f5dc9","image","2020-08-06T10:40:45.000Z","","false"
"source-data/historical-campaigns/2020-07-the-big-bang/Stars/IMG_7202.JPG","168278","30c63a4db5076a63029f201eaae9f7925b81701f1ad0a9a3dfb392f1041b93c4","image","2020-08-06T10:40:45.000Z","","false"
"source-data/historical-campaigns/2020-07-the-big-bang/Stars/IMG_7203.JPG","176270","93c0017918533b9f2cb90ce8f9a6f76722ecf0a39ca2293c5c1db6681409c23d","image","2020-08-06T10:40:45.000Z","","false"
"source-data/historical-campaigns/2020-07-the-big-bang/Stars/IMG_7205.JPG","153229","dc7bb8a3dfec06c549e67cefa032fb4cf45eff55ef584c828d8dd5151c09713c","image","2020-08-06T10:40:45.000Z","","false"
"source-data/historical-campaigns/2020-07-the-big-bang/Stars/IMG_7206.JPG","258225","861b34f0e818240f93940d4dd00192f61d79c02a7190bbadde9db51497969c32","image","2020-08-06T10:40:45.000Z","","false"
"source-data/historical-campaigns/2020-07-the-big-bang/Stars/IMG_7208.JPG","222323","7f07e526930c280b821620dc49f9294a7ce42af7cf3f1052ef7892320b8e3a1c","image","2020-08-06T10:40:46.000Z","","false"
"source-data/historical-campaigns/2020-07-the-big-bang/Stars/IMG_7209.JPG","189549","fb72c1fcce40ada2fde6d3d020c7e97c146ae9633aabb7e68c4e2eae3172c3b0","image","2020-08-06T10:40:46.000Z","","false"
"source-data/historical-campaigns/2020-07-the-big-bang/Stars/IMG_7210.JPG","186010","6624af3bd25d237ecb207f25bef4cd061a4e7b47a68b5a86bb0cc5e1462deec5","image","2020-08-06T10:40:46.000Z","","false"
"source-data/historical-campaigns/2020-07-the-big-bang/Stars/IMG_7211.JPG","387957","b0a7a92de9a03dfcd16edc2b44c0d515b9ace5c7e3f6c42790b2db3825c14589","image","2020-08-06T10:40:46.000Z","","false"
"source-data/historical-campaigns/2020-07-the-big-bang/Stars/IMG_7212.JPG","154048","87eab30182a9bd4827ae6ad83b01507775c610987573d1ba3416afccd29422f6","image","2020-08-06T10:40:46.000Z","","false"
"source-data/historical-campaigns/2020-07-the-big-bang/Stars/IMG_7213.JPG","296290","5db18f801f6acabf0fcf5e6563688c3e68552a50600ead3786b0bb4968d76ab6","image","2020-08-06T10:40:46.000Z","","false"
"source-data/historical-campaigns/2020-07-the-big-bang/Stars/IMG_7214.JPG","217996","5b95e05c2c2d60e08808d28cc0ed1cd334e10a77f7dbfa24ae91cf7009a01d67","image","2020-08-06T10:40:46.000Z","","false"
"source-data/historical-campaigns/2020-07-the-big-bang/Stars/IMG_7215.JPG","178387","9180cd03b8dfe959b30e35202414ff8fda9ddc29902747853384fe9e2f9b5bb8","image","2020-08-06T10:40:47.000Z","","false"
"source-data/historical-campaigns/2020-07-the-big-bang/Stars/IMG_7216.JPG","126179","5eea091c9d572f1329e11066bd77603baac50dd223e396d503ecfdcf7e939bc9","image","2020-08-06T10:40:47.000Z","","false"
"source-data/historical-campaigns/2020-07-the-big-bang/Stars/IMG_7217.JPG","146723","048c8b7aaa1d9da9a68735366f659ad8a190bc8b730f3a06c5b3bf98f422c55b","image","2020-08-06T10:40:47.000Z","","false"
"source-data/historical-campaigns/2020-07-the-big-bang/Stars/IMG_7218.JPG","151477","b49fd278de033af6b29b71aea945da68277fce7c44129d36f012f4ecde11002c","image","2020-08-06T10:40:47.000Z","","false"
"source-data/historical-campaigns/2020-07-the-big-bang/Stars/IMG_7219.JPG","97474","0dd3257bea29751f650c6533d2c1b57875f1823395fae4ebb895df0638135be9","image","2020-08-06T10:40:47.000Z","","false"
"source-data/historical-campaigns/2020-07-the-big-bang/Stars/IMG_7221.JPG","223680","22f319db6cbe247f1506f1ce1ec2913a609498f2108932c380ffa867844574e4","image","2020-08-06T10:40:47.000Z","","false"
"source-data/historical-campaigns/2020-07-the-big-bang/Stars/IMG_7222.JPG","155479","8b2cc9dabec36172f100c3d67cefa17ad46e55a2441875692e111d33b390e9de","image","2020-08-06T10:40:47.000Z","","false"
"source-data/historical-campaigns/2020-07-the-big-bang/Stars/IMG_7223.JPG","188380","e6d1b5af66d1c184ec8a9e1f8d6939a93e8a0ce4857dcbf70744f3063c59199d","image","2020-08-06T10:40:47.000Z","","false"
"source-data/historical-campaigns/2020-07-the-big-bang/Stars/IMG_7224.JPG","200476","2a37b3d9d2e7f4fa7674b84d62480ed5155009ab338be09c967b814b351065b6","image","2020-08-06T10:40:47.000Z","","false"
"source-data/historical-campaigns/2020-07-the-big-bang/Stars/IMG_7225.JPG","188208","c2eee13048292abcc426b3055fa6f3ffd48c6dc91db15ffd031a04cdbb27f2c8","image","2020-08-06T10:40:48.000Z","","false"
"source-data/historical-campaigns/2020-07-the-big-bang/Stars/IMG_7226.JPG","183655","92dab6cca1eab71c09b0aa30551f334b64bcc465fc051a40700ed183172ffca0","image","2020-08-06T10:40:48.000Z","","false"
"source-data/historical-campaigns/2020-07-the-big-bang/Stars/IMG_7227.JPG","168937","a1792a4890e0c98ae5b154cfd29975f860f81e968445a1952abe32a563ce515f","image","2020-08-06T10:40:48.000Z","","false"
"source-data/historical-campaigns/2020-07-the-big-bang/Stars/IMG_7228.JPG","99042","7f8b12ef118ca50b96698c4f511fad3341a355c518115fdc4fe30c6d50cf5895","image","2020-08-06T10:40:48.000Z","","false"
"source-data/historical-campaigns/2020-07-the-big-bang/Stars/IMG_7229.JPG","127902","20b33ebb99f7add738be55ab2e84319c0ae7189e65f000d830365da0b86220d9","image","2020-08-06T10:40:48.000Z","","false"
"source-data/historical-campaigns/2020-07-the-big-bang/Stars/IMG_7230.JPG","85680","706966a43b4470404ee899117cd268695d189eca3a7b1d2c00f1098d4f7e88d5","image","2020-08-06T10:40:48.000Z","","false"
"source-data/historical-campaigns/2020-07-the-big-bang/Stars/IMG_7231.JPG","72178","76abf311418b16439f9459d2baeceb25391ce613e940eb41e33549aa07a979dc","image","2020-08-06T10:40:48.000Z","","false"
"source-data/historical-campaigns/2020-07-the-big-bang/Stars/IMG_7232.JPG","357366","00b11149f718dbf44da48430970cd34d8adb7cfffb0fcb808ca0c075cb166d3b","image","2020-08-06T10:40:48.000Z","","false"
"source-data/historical-campaigns/2020-07-the-big-bang/Stars/IMG_7233.JPG","161947","578b3cecc0268acb1ed7a9998359d4660ad2b5f6b79188b6e71d6a93b7d7dcc3","image","2020-08-06T10:40:49.000Z","","false"
"source-data/historical-campaigns/2020-07-the-big-bang/Stars/IMG_7234.JPG","139869","616f0a0565d9719dd22c7d62adbfea487726596d45189e6eed74f0fe1f7f6f72","image","2020-08-06T10:40:49.000Z","","false"
"source-data/historical-campaigns/2020-07-the-big-bang/Stars/IMG_7235.JPG","110833","7253176a5ea3c3e52070587cbe442bbfe1fa4b889e21de46cfaec7c1b4b7fe09","image","2020-08-06T10:40:49.000Z","","false"
"source-data/historical-campaigns/2020-07-the-big-bang/Stars/IMG_7236.JPG","229876","38a6fd393f8e9cd7b1a0a8cdd5f6063df819b22adbe001afe48c39c8bbb0328b","image","2020-08-06T10:40:49.000Z","","false"
"source-data/historical-campaigns/2020-07-the-big-bang/Stars/IMG_7237.JPG","132001","4ff3fbf76fe2ba49d5098c7d75fb67f1a66e99f64ff9e98e548d8137849936a9","image","2020-08-06T10:40:49.000Z","","false"
"source-data/historical-campaigns/2020-07-the-big-bang/Stars/IMG_7238.JPG","221196","febadec678bb6781e7d5271d4a9b3deeb55de6a2282d650c73dee326b1961ef4","image","2020-08-06T10:40:49.000Z","","false"
"source-data/historical-campaigns/2020-07-the-big-bang/Stars/IMG_7239.JPG","364851","7c7316f162abbc87c33c758ca15b3597b322073afea99122d53088afbb5d462e","image","2020-08-06T10:40:49.000Z","","false"
"source-data/historical-campaigns/2020-07-the-big-bang/Stars/IMG_7240.JPG","193451","4d65402fa6fcf56a2c9e67f7d01e4ebf4c4d42e6fa525eaf3bddac123b05ecd2","image","2020-08-06T10:40:49.000Z","","false"
"source-data/historical-campaigns/2020-07-the-big-bang/Stars/IMG_7241.JPG","98569","0603030652c2c8b4905fd069968313170332618b7edf254c194a4b3476f057b8","image","2020-08-06T10:40:50.000Z","","false"
"source-data/historical-campaigns/2020-07-the-big-bang/Stars/IMG_7242.JPG","291814","1cca3ca926a2f80fe82b42cc65096f86c8e5b15c58e739370dd4ae1980cb92b0","image","2020-08-06T10:40:50.000Z","","false"
"source-data/historical-campaigns/2020-07-the-big-bang/Stars/IMG_7243.JPG","131327","37d465b6ee91505373747b8e1fb40beb5baf467ea44e7012785897be793bd7f0","image","2020-08-06T10:40:50.000Z","","false"
"source-data/historical-campaigns/2020-07-the-big-bang/Stars/IMG_7244.JPG","166794","1816bc5f96cd41040f963f8f2d13aff57722577c6be7a16f87f68f4ed5f1c61b","image","2020-08-06T10:40:50.000Z","","false"
"source-data/historical-campaigns/2020-07-the-big-bang/Stars/IMG_7245.JPG","286660","a76ff29ece99151beba1ba7990212f41ae227e12e16c65c8d89db8a28e7e897d","image","2020-08-06T10:40:50.000Z","","false"
"source-data/historical-campaigns/2020-07-the-big-bang/Stars/IMG_7246.JPG","288029","ea5efac1bc312d0ba0ec4aa435d5486299543180c86196e156afc8536b776d51","image","2020-08-06T10:40:50.000Z","","false"
"source-data/historical-campaigns/2020-07-the-big-bang/Stars/IMG_7247.JPG","301218","83ab86eca5354d3da18e255c2456f42e739f1867303d0696f2ba898922995fbf","image","2020-08-06T10:40:50.000Z","","false"
"source-data/historical-campaigns/2020-07-the-big-bang/Stars/IMG_7248.JPG","215589","b908f28d422d36e157aaf5b2f44344873b3cd652d3e4da6ae113c19e6d6d7315","image","2020-08-06T10:40:50.000Z","","false"
"source-data/historical-campaigns/2020-07-the-big-bang/Stars/IMG_7249.JPG","287730","3a10f36a4273cfbcd7d9de8ef5dcc9bb0a30d99667e8154d00b0cd7a6b75fdde","image","2020-08-06T10:40:50.000Z","","false"
"source-data/historical-campaigns/2020-07-the-big-bang/Stars/IMG_7250.JPG","148007","ca9493318028e21c4c37f9bcdef7b9e357a3a89c9bf59fe697f4ec50c24a41d2","image","2020-08-06T10:40:51.000Z","","false"
"source-data/historical-campaigns/2020-07-the-big-bang/Stars/IMG_7251.JPG","165680","ab2ca662d7b672900df45fde3689374bd1f9afa972c5eadaccf6dd9becadd94f","image","2020-08-06T10:40:51.000Z","","false"
"source-data/historical-campaigns/2020-07-the-big-bang/Stars/IMG_7252.JPG","117027","b8734f4563599d60a9916e74a943686784028b3e284dfe5a6560b5b43812b0aa","image","2020-08-06T10:40:51.000Z","","false"
"source-data/historical-campaigns/2020-07-the-big-bang/Stars/IMG_7253.JPG","216830","502d4ccda40641dffbe0bc9b1b9bbd0bc617c313170ccb3ff2337184c7d63ab6","image","2020-08-06T10:40:51.000Z","","false"
"source-data/historical-campaigns/2020-07-the-big-bang/Stars/IMG_7254.JPG","187165","35f653bea061767f84fc3621e44d5e94167a60ec0fe4c12298850f7040e5ec08","image","2020-08-06T10:40:51.000Z","","false"
"source-data/historical-campaigns/2020-07-the-big-bang/Stars/IMG_7255.JPG","429830","367b282af7293c958f8aaf6429bda0e6c4577ada49f72faaacedc68ed8050284","image","2020-08-06T10:40:51.000Z","","false"
"source-data/historical-campaigns/2020-07-the-big-bang/Stars/IMG_7256.JPG","184055","9fadb0204ff4408ddae3687083554f2144e37d2f89a22a24e31566dcd5ca8c6a","image","2020-08-06T10:40:51.000Z","","false"
"source-data/historical-campaigns/2020-07-the-big-bang/Stars/IMG_7257.JPG","144571","c2bde3fb7d0cb11bca53a0ab6c30df97cd6d575a846506ab535a68531178dc10","image","2020-08-06T10:40:51.000Z","","false"
"source-data/historical-campaigns/2020-07-the-big-bang/Stars/IMG_7258.JPG","232376","d76fb5ef0718a0e4b43d75a120791ae7cb48c798ed0dd16ba4a7c7de9f0fa4b3","image","2020-08-06T10:40:52.000Z","","false"
"source-data/historical-campaigns/2020-07-the-big-bang/Stars/IMG_7259.JPG","207325","a772879c0247d4ef16351b3422138e6db90d1f74162f4f60063f8a1abab7a24a","image","2020-08-06T10:40:52.000Z","","false"
"source-data/historical-campaigns/2020-07-the-big-bang/Stars/IMG_7260.JPG","149068","af0a58fc4f540b6020dbd18cc2d209b1196334520035897fe035a443e10d2438","image","2020-08-06T10:40:52.000Z","","false"
"source-data/historical-campaigns/2020-07-the-big-bang/Stars/IMG_7261.JPG","174830","16fde560c2cf1c1905e8c7cf983f3c2b144d8f8c30afcd98a880d9c7302fb01c","image","2020-08-06T10:40:52.000Z","","false"
"source-data/historical-campaigns/2020-07-the-big-bang/Stars/IMG_7262.JPG","143309","fccbd743d0f8e6c83b8776b9e9e64ce6e7106bdc53b5bfaace950bf71dfce0e8","image","2020-08-06T10:40:52.000Z","","false"
"source-data/historical-campaigns/2020-07-the-big-bang/Stars/IMG_7263.JPG","152056","da529dda05f0fb44e6f8f09202da1e9c044ffbac41970761debeb3b456eba68b","image","2020-08-06T10:40:52.000Z","","false"
"source-data/historical-campaigns/2020-07-the-big-bang/Stars/IMG_7264.JPG","198633","c47046aebc3e7e59a1bfbcace3cc1aaad37bf21a56ca11cd01b3700f5b12dfd9","image","2020-08-06T10:40:52.000Z","","false"
"source-data/historical-campaigns/2020-07-the-big-bang/Stars/IMG_7265.JPG","119439","7e4eb0aa5e66a735f274f81fb523393107b787b2e527b2bdbf95a910400617a6","image","2020-08-06T10:40:52.000Z","","false"
"source-data/historical-campaigns/2020-07-the-big-bang/Stars/IMG_7266.JPG","318255","900857f42b08ef67f2190af6cd4dacb2e1deb043c1db4e131a0d8786facef96f","image","2020-08-06T10:40:53.000Z","","false"
"source-data/historical-campaigns/2020-07-the-big-bang/Stars/IMG_7267.JPG","236052","3173c7f377159ff13fdfc8220c621d7efde2ba01ed4c02e30323952202cf6be5","image","2020-08-06T10:40:53.000Z","","false"
"source-data/historical-campaigns/2020-07-the-big-bang/Stars/IMG_7268.JPG","76500","703292c42df0e0aa4c59189bb84811ebb8ee2ec627d770ef9aaac1a88dc548a1","image","2020-08-06T10:40:53.000Z","","false"
"source-data/historical-campaigns/2020-07-the-big-bang/Stars/IMG_7269.JPG","169543","82aeda99baee206e0a0aaa48c28d011f83ffc1040aeaee90a0723b07db8ae530","image","2020-08-06T10:40:53.000Z","","false"
"source-data/historical-campaigns/2020-07-the-big-bang/Stars/IMG_7270.JPG","150714","e4a3c8548f900fc77d49ee92eadb2b4359cc5df30d6194cfb1fc19963db90922","image","2020-08-06T10:40:53.000Z","","false"
"source-data/historical-campaigns/2020-07-the-big-bang/Stars/IMG_7271.JPG","156071","2cac7201c20c3a184e2ed9eddb4ef1a6e582678d38f96173e231fbc2425ebe4b","image","2020-08-06T10:40:53.000Z","","false"
"source-data/historical-campaigns/2020-07-the-big-bang/Stars/IMG_7272.JPG","143309","fccbd743d0f8e6c83b8776b9e9e64ce6e7106bdc53b5bfaace950bf71dfce0e8","image","2020-08-06T10:40:53.000Z","","false"
"source-data/historical-campaigns/2020-07-the-big-bang/Stars/IMG_7273.JPG","211227","5da4043e7c557e710fbaa2d7e0ca788a96c7e5bc4931f1536382c289ca63b365","image","2020-08-06T10:40:53.000Z","","false"
"source-data/historical-campaigns/2020-07-the-big-bang/Stars/IMG_7274.JPG","117328","02046091787046097eba235c2489b37ef15adfc53cf3ee8bfc8369010efd4f98","image","2020-08-06T10:40:53.000Z","","false"
"source-data/historical-campaigns/2020-07-the-big-bang/Stars/IMG_7275.JPG","140812","89ee54cce234ec282825e1cfe14e952acf261e87971a1a77424c5d04ac08087d","image","2020-08-06T10:40:54.000Z","","false"
"source-data/historical-campaigns/2020-07-the-big-bang/Stars/IMG_7276.JPG","214549","68f3234c1774a4c439164c61b7e5639986b3564ebab75f551aecfde890924009","image","2020-08-06T10:40:54.000Z","","false"
"source-data/historical-campaigns/2020-07-the-big-bang/Stars/IMG_7277.JPG","209241","f9602f834d1b000628eeb1016a59e548388122c75a9f33c28838ed7ae717ac9e","image","2020-08-06T10:40:54.000Z","","false"
"source-data/historical-campaigns/2020-07-the-big-bang/Stars/IMG_7278.JPG","221726","f46516404783435e7dc783035d48c89440cc27df4e0e023bbeaf1056acedadd3","image","2020-08-06T10:40:54.000Z","","false"
"source-data/historical-campaigns/2020-07-the-big-bang/Stars/IMG_7279.JPG","229360","5b52b1f4a3ba405128e1689196f08ecdad28784f8864b3d4862149688d580178","image","2020-08-06T10:40:54.000Z","","false"
"source-data/historical-campaigns/2020-07-the-big-bang/Stars/IMG_7280.JPG","273655","4e01cfc7281610a385e2596b8699b7de39c027d2047a995bfae36331c42b43c9","image","2020-08-06T10:40:54.000Z","","false"
"source-data/historical-campaigns/2020-07-the-big-bang/Stars/IMG_7281.JPG","344625","c51c5777da6a76aae9bcf85a241029dcec771118d6856de4ef720e098233bcef","image","2020-08-06T10:40:54.000Z","","false"
"source-data/historical-campaigns/2020-07-the-big-bang/Stars/IMG_7282.JPG","132134","b992c24f968f559df19a70019731d668ed2a2864c51e377d98e3b08b31b861d4","image","2020-08-06T10:40:54.000Z","","false"
"source-data/historical-campaigns/2020-07-the-big-bang/Stars/IMG_7283.JPG","205363","66ea548e5a4414b3e8cdb58fb03192786081cc1a459e297141e9b45101235a05","image","2020-08-06T10:40:55.000Z","","false"
"source-data/historical-campaigns/2020-07-the-big-bang/Stars/IMG_7284.JPG","82962","0f9432272c8d3bb3d82dbe9f75a85b91d5ea0ef61c47d517fe9fa27a489cd313","image","2020-08-06T10:40:55.000Z","","false"
"source-data/historical-campaigns/2020-07-the-big-bang/Stars/IMG_7285.JPG","92054","4737a61e72d19c76640c65ceb65b5498337e314117e623a304284d9698f40e80","image","2020-08-06T10:40:55.000Z","","false"
"source-data/historical-campaigns/2020-07-the-big-bang/Stars/IMG_7286.JPG","89096","d6e2cdea8a615c87989f5a2d9cacfbbb22f534b715d054176b8a6137f18530f9","image","2020-08-06T10:40:55.000Z","","false"
"source-data/historical-campaigns/2020-07-the-big-bang/Stars/IMG_7287.JPG","114382","243193d544dcfe1b1df50a206f4db64a10559a9155f20c7ad16b294c5fc5fef6","image","2020-08-06T10:40:55.000Z","","false"
"source-data/historical-campaigns/2020-07-the-big-bang/Stars/IMG_7288.JPG","264822","c4c10d37e2b7abc711674cb249eed441625f6782c0f7316ff99114c9fd327c5f","image","2020-08-06T10:40:55.000Z","","false"
"source-data/historical-campaigns/2020-07-the-big-bang/Stars/IMG_7289.JPG","255835","575d75a99e75eb513bfb391c05b7fcf537b99ace703506eb83a1d146bc8f9b8e","image","2020-08-06T10:40:55.000Z","","false"
"source-data/historical-campaigns/2020-07-the-big-bang/Stars/IMG_7290.JPG","206662","95d382f49be30f234a24990f362ed95c687c10c6959c2ee77f784738f66f4a55","image","2020-08-06T10:40:55.000Z","","false"
"source-data/historical-campaigns/2020-07-the-big-bang/Stars/IMG_7291.JPG","249131","604414fcacc9c976bc8c2505e6ab60f23ce979317dc8deeb2e63fec98c1d46c3","image","2020-08-06T10:40:56.000Z","","false"
"source-data/historical-campaigns/2020-07-the-big-bang/Stars/IMG_7292.JPG","154310","c3d1e62d1d6f025149968df7cf048435c2f481af8b8a2aba0d219bba0e2987bc","image","2020-08-06T10:40:56.000Z","","false"
"source-data/historical-campaigns/2020-07-the-big-bang/Stars/IMG_7293.JPG","293046","e27e4c9466e8ef71a3d3f1966fce09258ae36df807187d2308be8a0500e432e1","image","2020-08-06T10:40:56.000Z","","false"
"source-data/historical-campaigns/2020-07-the-big-bang/Stars/IMG_7294.JPG","284238","7e90f5775ba25ed32a301b44626221f00f38ec89ff2c458d93fe52c56d509d56","image","2020-08-06T10:40:56.000Z","","false"
"source-data/historical-campaigns/2020-07-the-big-bang/Stars/IMG_7295.JPG","258157","15746b96a64c9dee252b66afff20d5069160de05be7039fe054d8d0b1ccdbf9f","image","2020-08-06T10:40:56.000Z","","false"
"source-data/historical-campaigns/2020-07-the-big-bang/Stars/IMG_7296.JPG","265997","38072a8179b3e0e271696def9f8eb547148006f4aa225012104ca4e599bcad6d","image","2020-08-06T10:40:56.000Z","","false"
"source-data/historical-campaigns/2020-07-the-big-bang/Stars/IMG_7297.JPG","223105","a4628f795fef9168c7f800815932169fe020763a6cfaf2403d6f160421551eed","image","2020-08-06T10:40:56.000Z","","false"
"source-data/historical-campaigns/2020-07-the-big-bang/Stars/IMG_7298.JPG","256348","a45805ad6384792ffc946f53a4367e2c5e5519210f8fdfd36d6e04987558d949","image","2020-08-06T10:40:56.000Z","","false"
"source-data/historical-campaigns/2020-07-the-big-bang/Stars/IMG_7299.JPG","125451","eb772520bf14610002dd0746e1201533169f996bdd96daab9e28720f35f969fb","image","2020-08-06T10:40:57.000Z","","false"
"source-data/historical-campaigns/2020-07-the-big-bang/Stars/IMG_7300.JPG","174623","68b0af8fde474f1b5aad17cbfdf5e855a131046676be1abcd91af6d9aa22cbf1","image","2020-08-06T10:40:57.000Z","","false"
"source-data/historical-campaigns/2020-07-the-big-bang/Stars/IMG_7301.JPG","251046","e1dab392a5ab1c5b50f7fdbdf25822fb059147f19ed46683f0cff64c7a8820d0","image","2020-08-06T10:40:57.000Z","","false"
"source-data/historical-campaigns/2020-07-the-big-bang/Stars/IMG_7302.JPG","126087","2d123379df76f8a4f676c5ef74dd61416cf98596eeac0f6d17fe0a2f8a5dd01e","image","2020-08-06T10:40:57.000Z","","false"
"source-data/historical-campaigns/2020-07-the-big-bang/Stars/IMG_7303.JPG","96144","3e6019f82008471dc789dc5550f86bdc4636b030149ea9a75221f8043b46d5e8","image","2020-08-06T10:40:57.000Z","","false"
"source-data/historical-campaigns/2020-07-the-big-bang/Stars/IMG_7304.JPG","189720","fcb71f6ba1571f6dc2e2e02343748a933020c8fcf9d2745169efd06b2d280f33","image","2020-08-06T10:40:57.000Z","","false"
"source-data/historical-campaigns/2020-07-the-big-bang/Stars/IMG_7305.JPG","244091","683059fbb9648af473d3576db85f5b5bfa1f450b8d76b23502a7b0fa149037c9","image","2020-08-06T10:40:57.000Z","","false"
"source-data/historical-campaigns/2020-07-the-big-bang/Stars/IMG_7306.JPG","240409","2f615361465ce6aed7000d4d7176947da27e6b69307cc979477f8bcd89188d85","image","2020-08-06T10:40:57.000Z","","false"
"source-data/historical-campaigns/2020-07-the-big-bang/Stars/IMG_7307.JPG","371319","67bcca0fdaa03ea24df370e20d95da34d344617685bf0ed893f097a7de378809","image","2020-08-06T10:40:58.000Z","","false"
"source-data/historical-campaigns/2020-07-the-big-bang/Stars/khq9wz - Veronica Fayos Carretero.jpg","217679","3cc55aa394a87748fc8d45658f018c5f326b0894f0831806736123bb868612c4","image","2020-08-05T23:57:38.000Z","Veronica Fayos Carretero","false"
"source-data/historical-campaigns/2020-07-the-big-bang/Stars/Screen Shot 2020-08-06 at 13.36.54.png","8128806","7c6e33bbbaecb1a95dc5c12ad2e0131f6699fe10df8a9b24fac8dc3ffb28a1ab","image","2020-08-06T10:36:55.000Z","","false"
"source-data/historical-campaigns/2020-07-the-big-bang/Stars/Screen Shot 2020-08-06 at 13.37.33.png","6550202","433679f66e6538d8b97caf66c4512d215b981432b7d007164ee6686c1d0e6ecc","image","2020-08-06T10:37:34.000Z","","false"
"source-data/historical-campaigns/2020-07-the-big-bang/Stars/Screen Shot 2020-08-06 at 13.38.14.png","7355364","547532eadd4e9a6f7954653d53064d323f334214428758afee1712d7f6a12d96","image","2020-08-06T10:38:15.000Z","","false"
"source-data/historical-campaigns/2020-07-the-big-bang/Stars/Screenshot_140 - Julio del Rey Fernández.jpg","95766","805c1afc14ce5a472e816eeada26764a247c8f8a1f48b0e71346d8711f75db8c","image","2020-08-06T00:03:24.000Z","Julio del Rey Fernández","false"
"source-data/historical-campaigns/2020-07-the-big-bang/Stars/Screenshot_2020-07-31-19-19-56-268_com.nianticproject.ingress - Giuseppe.jpg","720365","eb383fb40ffe3fb53e10f892d2cdc873d93468287e6964e1c673d2ac2b83403a","image","2020-08-06T00:03:41.000Z","Giuseppe","false"
"source-data/historical-campaigns/2020-07-the-big-bang/Stars/Screenshot_20200731_170802_com.cradle.iitc_mobile - Alexander Helmeke.jpg","804977","17c728dc5f9ca9a7dfd1f43d6ca6090652b7c98cadc41d28d781dd4155dee4bd","image","2020-08-06T00:00:46.000Z","Alexander Helmeke","false"
"source-data/historical-campaigns/2020-07-the-big-bang/Stars/Screenshot_20200731_222917_org.exarhteam.iitc_mobile - Ute Heikaemper.jpg","1377198","3f3972a0316101aa656c5b4270800691c9b17bd1dbae14b7febc1a588834ad29","image","2020-08-05T23:53:06.000Z","Ute Heikaemper","false"
"source-data/historical-campaigns/2020-07-the-big-bang/Stars/Screenshot_20200731-192853_2 - Francheska Morales.png","596625","db89fa4f415aa7041bc6a17a5db241f14017b892b175172964127ba61bc056dc","image","2020-08-05T23:58:53.000Z","Francheska Morales","false"
"source-data/historical-campaigns/2020-07-the-big-bang/Stars/Screenshot_20200731-205821_Ingress - Michele Trevisanello.jpg","1801803","b409cda01a6eab5c3d9b24565042001e8c5ef33ee56f9931f3e1bf072e7ad206","image","2020-08-05T23:56:45.000Z","Michele Trevisanello","false"
"source-data/historical-campaigns/2020-07-the-big-bang/Stars/Screenshot_20200801-002601 - Tic portonovo.jpg","585936","302def8262094a032b7e847be80942ef6af0b0fdcb4f2412e99aef980b8cdb6c","image","2020-08-06T00:02:18.000Z","Tic portonovo","false"
"source-data/historical-campaigns/2020-07-the-big-bang/Stars/Screenshot_20200801-021522_IITC Mobile - Jenn Atk (1).jpg","630135","881da584781769f4656bbca1098e45ba4050324d8ce2904241d041a3b1bb2d0b","image","2020-08-06T00:03:29.000Z","Jenn Atk","false"
"source-data/historical-campaigns/2020-07-the-big-bang/Stars/Screenshot_20200801-021522_IITC Mobile - Jenn Atk.jpg","630135","881da584781769f4656bbca1098e45ba4050324d8ce2904241d041a3b1bb2d0b","image","2020-08-06T00:03:11.000Z","Jenn Atk","false"
"source-data/historical-campaigns/2020-07-the-big-bang/Stars/WhatsApp Image 2020-07-31 at 9.02.39 PM - Darshan raj (1).jpeg","109093","2c21534ff7c65c3d29c61d023f1a4c7cd4abb296315bc8185803bc6a9637ac32","image","2020-08-06T00:03:45.000Z","Darshan raj","false"
"source-data/historical-campaigns/2020-07-the-big-bang/Stars/WhatsApp Image 2020-07-31 at 9.02.39 PM - Darshan raj.jpeg","109093","2c21534ff7c65c3d29c61d023f1a4c7cd4abb296315bc8185803bc6a9637ac32","image","2020-08-06T00:03:39.000Z","Darshan raj","false"
"source-data/historical-campaigns/2020-07-the-big-bang/Txt/.DS_Store","6148","d65165279105ca6773180500688df4bdc69a2c7b771752f0a46ef120b7fd8ec3","other","2020-08-05T23:47:20.000Z","","true"
"source-data/historical-campaigns/2020-07-the-big-bang/Txt/countries.jpg","344053","7ccaf53234b1f4cb9e7a244f85ff64274fd4d7cc01b05550bbc3f2195cd77986","image","2020-08-02T07:09:08.000Z","","false"
"source-data/historical-campaigns/2020-07-the-big-bang/Txt/countries01.jpg","99526","a1265047359be6fa6b6a88277a9eea8f3da3990e27f29204e6b494bbd8297bf3","image","2020-08-02T04:44:31.000Z","","false"
"source-data/historical-campaigns/2020-07-the-big-bang/Txt/countries1.jpg","263298","f51f7cca795b1a4d0a90daac3dcc2e1ee607ccedb3da7d584ee82319394e3d95","image","2020-08-04T19:16:37.000Z","","false"
"source-data/historical-campaigns/2020-07-the-big-bang/Txt/scores.jpg","1887559","caeb59c5c26119a102c792034a9a6533791391f56a4c5ea46c72f3510f840199","image","2020-08-02T07:09:58.000Z","","false"
"source-data/historical-campaigns/2020-07-the-big-bang/Txt/scores1.jpg","1110647","ccb09dc9a182d8fd627e92679baca607ba5ebc3d739287e8f1edc370755ca24c","image","2020-08-04T19:15:38.000Z","","false"
"source-data/historical-campaigns/2020-07-the-big-bang/Txt/Screen Shot 2020-08-06 at 2.39.48.png","7148532","a1b286ab3aadd12ab5acaa7ed3d40580d313e87b4b9441e2a95d42a5d0855b58","image","2020-08-05T23:39:48.000Z","","false"
"source-data/historical-campaigns/2020-07-the-big-bang/Txt/Screen Shot 2020-08-06 at 2.39.55.png","7567687","75066e9fa9bf47b53cbf9a57a540b77fdf33f35e1c235afebf85a7a596add03f","image","2020-08-05T23:39:56.000Z","","false"
"source-data/historical-campaigns/2020-07-the-big-bang/Txt/Screen Shot 2020-08-06 at 2.40.10.png","7404296","ee2814dd7f18a0702a84280feed407cddb4d7cbb348bc3f3b68825efadf0ad34","image","2020-08-05T23:40:10.000Z","","false"
"source-data/historical-campaigns/2020-07-the-big-bang/Txt/TheBigBang - All agents.csv","6926","bb430b19a86f2665e3a12afc383cfd53333d8001d87384a83ce9e8ca4354c108","dataset","2026-08-07T05:06:18.621Z","All agents","false"
"source-data/historical-campaigns/2020-07-the-big-bang/Txt/thebigbangcores.jpg","948162","46aa5242ab6155069e579f2faeeca13879e04de135b7b15d47031ab1b5c8eeb3","image","2020-08-03T15:19:33.000Z","","false"
"source-data/historical-campaigns/2020-07-the-big-bang/Videos/1min Story.mp4","45309370","8bcbadda1d4842f5fc889042d70e1b2e5d92c4c42efe6a4ad3a7ee97374f9a7f","video","2020-08-19T18:28:59.000Z","","false"
"source-data/historical-campaigns/2020-07-the-big-bang/Videos/20200731_212322 - Marcelo Motoyama.mp4","10194965","09da35049b03fc0a3dd82240b80591026ee988a3c2369c415a124f488dfc2f7a","video","2020-08-01T15:13:29.000Z","Marcelo Motoyama","false"
"source-data/historical-campaigns/2020-07-the-big-bang/Videos/20200731_235415 - Ethan Shalev.mp4","34336346","cac5e0b550b3279facf1822a4171c54387e49d582ee36a2f6e7e0fdb0cc37f1b","video","2020-08-05T22:40:56.000Z","Ethan Shalev","false"
"source-data/historical-campaigns/2020-07-the-big-bang/Videos/adam.mp4","18232833","8f5e6c919c063f9717d38dd6c9deb620a219322cd9c61021f07ede5a71c45b46","video","2020-08-01T12:30:57.000Z","","false"
"source-data/historical-campaigns/2020-07-the-big-bang/Videos/Agents.MP4","49091940","694b1ca6213edfebc51d484584861d3a6070f0a449445175b290396b9e302c15","video","2020-08-01T10:44:47.000Z","","false"
"source-data/historical-campaigns/2020-07-the-big-bang/Videos/gif star.mp4","54914615","dad22e5a948adc63039f5fd4c174338d25bded67a4b7a32eae4bb942b2fbd129","video","2020-08-05T11:44:11.000Z","","false"
"source-data/historical-campaigns/2020-07-the-big-bang/Videos/IMG_6826.MOV","20656389","e79f32c8e4232bf192a7f395cb9610e0600f2e2423a232acc962a2b6b83b55e1","video","2020-08-01T10:45:56.000Z","","false"
"source-data/historical-campaigns/2020-07-the-big-bang/Videos/IMG_6949.MP4","4711772","3d76795f3853f497e470044cb3de4aa3c85d0f997d83bf354a9013191c428db2","video","2020-08-01T10:45:00.000Z","","false"
"source-data/historical-campaigns/2020-07-the-big-bang/Videos/IMG_6967.MP4","70461798","4695667b23792961e776f17bcc490aa605d81bbfb8f1e7db1959c8e253b6c299","video","2020-08-01T10:45:02.000Z","","false"
"source-data/historical-campaigns/2020-07-the-big-bang/Videos/IMG_6970.MOV","193424244","8ddd8e7acdf7bdb56a61fc92341c2052a9d4e35f4b6261e748c47a61ebeb7cbe","video","2020-08-01T10:45:21.000Z","","false"
"source-data/historical-campaigns/2020-07-the-big-bang/Videos/IMG_6971.MOV","10398527","44fd7cebc02e06cf911fff9a0cb3f394cbd13039a821fc7239652a5e53e0862c","video","2020-08-01T10:45:56.000Z","","false"
"source-data/historical-campaigns/2020-07-the-big-bang/Videos/IMG_6973.MOV","16661575","6e9234f973409ec6bc63893f2b41ee7702da8f1e701fdb1db31312ead0d49730","video","2020-08-01T10:45:56.000Z","","false"
"source-data/historical-campaigns/2020-07-the-big-bang/Videos/IMG_6978.MOV","14583982","fb0ea6dddde493db590bf7f6a0e29d4fb46abdf32d16362536507a5155f09061","video","2020-08-06T10:39:43.000Z","","false"
"source-data/historical-campaigns/2020-07-the-big-bang/Videos/TheBigBang.mp4","45030903","21f8bff08f4d04a05c9aaff9a349bfaa3f236648c338bb64e07488302067a1b4","video","2020-08-08T17:19:44.000Z","","false"
"source-data/historical-campaigns/2020-07-the-big-bang/Videos/thebigbangISRAEL.mp4","39033186","f893d47be14a1f5e5a6f99edb600861165135468d967e60a11dfeace86f0bd23","video","2020-08-01T11:18:09.000Z","","false"
